code	collection
mab	SASB - Art
mab62	SASB - Art
mab72	ERROR
mab82	SASB - Art
mab92	SASB - Art
mab98	SASB - Art
mab99	SASB - Art
mabb1	SASB - Art
mabb2	SASB - Art
mabb3	SASB - Art
mabm2	SASB - Art
mac	SASB - Arents
mac82	SASB - Arents
macc2	SASB - Arents
mae	SASB - Berg
mae82	SASB - Berg
maee2	SASB - Berg
maf	SASB - Dorot
maf82	SASB - Dorot
maf88	SASB - Dorot
maf92	SASB - Dorot
maf98	SASB - Dorot
maf99	SASB - Dorot
maff1	SASB - Dorot
maff3	SASB - Dorot
mag	SASB - LHG
mag82	SASB - LHG
mag92	SASB - LHG
mag98	SASB - LHG
magg1	SASB - LHG
magg2	SASB - LHG
magg3	SASB - LHG
magh1	SASB - LHG
mai	SASB - MIC
mai82	SASB - GRP
mai83	SASB - GRP
mai87	SASB - MIC
mai92	SASB - GRP
maii1	SASB - MIC
maii2	SASB - MIC
maii3	SASB - MIC
maj92	SASB - GRD
mak	SASB - GRP
mak82	SASB - GRP
makk3	SASB - GRP
mal	SASB - GRD
mal82	SASB - GRD
mal92	SASB - GRD
mala	SASB - GRD
mala1	SASB - GRD
malc	SASB - GRD
mall1	SASB - GRD
malm2	SASB - GRD
maln	SASB - GRD
maln1	SASB - GRD
malv2	SASB - GRD
malw	SASB - GRD
malw1	SASB - GRD
mao	SASB - MSS
mao82	SASB - MSS
mao92	SASB - MSS
maor2	SASB - MSS
map	SASB - MAP
map82	SASB - MAP
map92	SASB - MAP
mapp1	SASB - MAP
mapp2	SASB - MAP
mapp3	SASB - MAP
maq	SASB - Pforzheimer
maqq2	SASB - Pforzheimer
mar	SASB - RBK
mar62	SASB - RBK
mar82	SASB - RBK
mar92	SASB - RBK
mard2	SASB - RBK
marr2	SASB - RBK
mas	SASB - PHG
mas62	SASB - PHG
mas82	SASB - PHG
masb2	SASB - PHG
mass2	SASB - PHG
masu2	SASB - PHG
mau	SASB - PRN
mauu1	SASB - PRN
mauu2	SASB - PRN
max82	SASB - PRF
myd	LPA - Dance
myd11	LPA - Dance
myd22	LPA - Dance
myd28	LPA - Dance
myd32	LPA - Dance
myd38	LPA - Dance
myd42	LPA - Dance
myd48	LPA - Dance
myf	LPA - TOFT
myf22	LPA - TOFT
myh	LPA - Recorded Sound
myh11	LPA - Recorded Sound
myh22	LPA - Recorded Sound
myh23	LPA - Recorded Sound
myh32	LPA - Recorded Sound
myh42	LPA - Recorded Sound
mym	LPA - Music
mym11	LPA - Music
mym22	LPA - Music
mym28	LPA - Music
mym32	LPA - Music
mym38	LPA - Music
mym42	LPA - Music
mym48	LPA - Music
myr	LPA - Research
myrs	LPA - Research
myt	LPA - Theatre
myt11	LPA - Theatre
myt22	LPA - Theatre
myt28	LPA - Theatre
myt32	LPA - Theatre
myt38	LPA - Theatre
myt42	LPA - Theatre
myt48	LPA - Theatre
qc2ma	SASB - GRD
qc2mj	SASB - GRD
qc2sl	SASB - SIBL
qcma2	SASB - GRD
qcmb2	SASB - Art
qcmb8	SASB - Art
qcmb9	SASB - Art
qcmf2	SASB - Dorot
qcmf8	SASB - Dorot
qcmf9	SASB - Dorot
qcmg2	SASB - LHG
qcmg8	SASB - LHG
qcmi2	SASB - GRD
qcmj2	SASB - GRD
qcml2	SASB - GRD
qcmo2	SASB - MSS
qcmp2	SASB - MAP
qcmr2	SASB - RBK
qcms2	SASB - PHG
qcmy2	LPA - Research
rc	Unspecified
rc2cf	SCH - R&R
rc2cm	SCH - Microform
rc2ma	SASB - GRD
rc2mj	SASB - GRD
rc2sl	SASB - SIBL
rcca9	SCH - A&A
rccb2	SCH - MIRS
rccb8	SCH - MIRS
rccb9	SCH - MIRS
rccd2	SCH - MARB
rccd8	SCH - MARB
rccd9	SCH - MARB
rcce2	SCH - P&P
rcce8	SCH - P&P
rcce9	SCH - P&P
rccf2	SCH - R&R
rccf8	SCH - R&R
rccf9	SCH - R&R
rcma2	SASB - GRD
rcmb2	SASB - Art
rcmb8	SASB - Art
rcmb9	SASB - Art
rcmf2	SASB - Dorot
rcmf8	SASB - Dorot
rcmf9	SASB - Dorot
rcmg2	SASB - LHG
rcmg8	SASB - LHG
rcmg9	SASB - LHG
rcmi2	SASB - GRD
rcmj2	SASB - GRD
rcml2	SASB - GRD
rcmo2	SASB - MSS
rcmp2	SASB - MAP
rcmq2	SASB - Pforzheimer
rcmr2	SASB - RBK
rcms2	SASB - PHG
rcpd2	LPA - Dance
rcpd8	LPA - Dance
rcpd9	LPA - Dance
rcpf2	LPA - TOFT
rcph2	LPA - RHA
rcpm2	LPA - Music
rcpr2	LPA - RFVC
rcpr9	LPA - RHA
rcpt2	LPA - RHA
rcpt8	LPA - Theatre
rcsl2	SASB - SIBL
rcxx2	SASB - Master Negatives
sc	SCH - SCH
scb	SCH - MIRS
scbb2	SCH - MIRS
scc	SCH - A&A
sccc2	SCH - A&A
sccc3	SCH - A&A
scd	SCH - MARB
scdd1	SCH - MARB
scdd2	SCH - MARB
sce	SCH - P&P
scee2	SCH - P&P
scf	SCH - R&R
scff1	SCH - R&R
scff2	SCH - R&R
scff3	SCH - R&R
slr	SASB - SIBL
slr12	SASB - SIBL
slr22	SASB - SIBL
slra3	SASB - SIBL
slrb1	SASB - SIBL
slrc3	SASB - SIBL
